Extracted:,"United Nations High Commissioner for Refugees"
"Date extracted:","17/11/2020 02:06"
"Last updated:","17/11/2020 02:06"
"Last Some data presented may differ from statistics published previously due to retroactive changes or the inclusion of previously unavailable data."

"Data table contains the following:","Population figures"
"Content type","End year stock population totals"
"Data quick link",https://www.unhcr.org/refugee-statistics/download/?url=Fb2V
"Data definitions",https://www.unhcr.org/refugee-statistics-2/methodology/
"Usage licence",https://creativecommons.org/licenses/by/4.0/
"Population types included","REF,ROC,ASY,IDP,IOC,VDA,OOC,STA"
Years:
Origin:
"Country of asylum::"
Year,"Country of origin","Country of origin (ISO)","Country of asylum","Country of asylum (ISO)","Refugees under UNHCRâ€™s mandate",Asylum-seekers,"IDPs of concern to UNHCR","Venezuelans displaced abroad","Stateless persons","Others of concern"
2010,"Syrian Arab Rep.",SYR,Egypt,EGY,8,0,0,,0,0
2010,"Syrian Arab Rep.",SYR,Australia,AUS,68,16,0,,0,0
2010,"Syrian Arab Rep.",SYR,Austria,AUT,505,471,0,,0,0
2010,"Syrian Arab Rep.",SYR,Belgium,BEL,229,0,0,,0,0
2010,"Syrian Arab Rep.",SYR,Brazil,BRA,5,0,0,,0,0
2010,"Syrian Arab Rep.",SYR,Bulgaria,BGR,95,30,0,,0,0
2010,"Syrian Arab Rep.",SYR,Canada,CAN,545,221,0,,0,0
2010,"Syrian Arab Rep.",SYR,Cyprus,CYP,125,242,0,,0,0
2010,"Syrian Arab Rep.",SYR,Czechia,CZE,23,36,0,,0,0
2010,"Syrian Arab Rep.",SYR,Denmark,DNK,750,483,0,,0,0
2010,"Syrian Arab Rep.",SYR,Ecuador,ECU,9,0,0,,0,0
2010,"Syrian Arab Rep.",SYR,Finland,FIN,59,23,0,,0,0
2010,"Syrian Arab Rep.",SYR,France,FRA,280,0,0,,0,0
2010,"Syrian Arab Rep.",SYR,"United Kingdom of Great Britain and Northern Ireland",GBR,499,0,0,,0,0
2010,"Syrian Arab Rep.",SYR,Germany,DEU,10518,2690,0,,0,0
2010,"Syrian Arab Rep.",SYR,Greece,GRC,16,2217,0,,0,0
2010,"Syrian Arab Rep.",SYR,Croatia,HRV,0,5,0,,0,0
2010,"Syrian Arab Rep.",SYR,Hungary,HUN,39,10,0,,0,0
2010,"Syrian Arab Rep.",SYR,Ireland,IRL,34,10,0,,0,0
2010,"Syrian Arab Rep.",SYR,Iraq,IRQ,254,968,0,,0,0
2010,"Syrian Arab Rep.",SYR,Italy,ITA,211,29,0,,0,0
2010,"Syrian Arab Rep.",SYR,Jordan,JOR,198,287,0,,0,0
2010,"Syrian Arab Rep.",SYR,Kyrgyzstan,KGZ,11,11,0,,0,0
2010,"Syrian Arab Rep.",SYR,Kuwait,KWT,5,13,0,,0,0
2010,"Syrian Arab Rep.",SYR,Lebanon,LBN,64,141,0,,0,0
2010,"Syrian Arab Rep.",SYR,Lithuania,LTU,5,0,0,,0,0
2010,"Syrian Arab Rep.",SYR,Luxembourg,LUX,0,15,0,,0,0
2010,"Syrian Arab Rep.",SYR,"China, Macao SAR",MAC,0,5,0,,0,0
2010,"Syrian Arab Rep.",SYR,"Rep. of Moldova",MDA,10,5,0,,0,0
2010,"Syrian Arab Rep.",SYR,Malaysia,MYS,0,5,0,,0,0
2010,"Syrian Arab Rep.",SYR,Malta,MLT,33,0,0,,0,0
2010,"Syrian Arab Rep.",SYR,Netherlands,NLD,1186,133,0,,0,0
2010,"Syrian Arab Rep.",SYR,Norway,NOR,186,192,0,,0,0
2010,"Syrian Arab Rep.",SYR,"New Zealand",NZL,36,0,0,,0,0
2010,"Syrian Arab Rep.",SYR,Oman,OMN,7,0,0,,0,0
2010,"Syrian Arab Rep.",SYR,Pakistan,PAK,8,0,0,,0,0
2010,"Syrian Arab Rep.",SYR,Poland,POL,8,10,0,,0,0
2010,"Syrian Arab Rep.",SYR,Qatar,QAT,8,0,0,,0,0
2010,"Syrian Arab Rep.",SYR,Romania,ROU,21,13,0,,0,0
2010,"Syrian Arab Rep.",SYR,"Russian Federation",RUS,5,0,0,,0,0
2010,"Syrian Arab Rep.",SYR,"Saudi Arabia",SAU,14,5,0,,0,0
2010,"Syrian Arab Rep.",SYR,Spain,ESP,35,12,0,,0,0
2010,"Syrian Arab Rep.",SYR,Slovakia,SVK,22,0,0,,0,0
2010,"Syrian Arab Rep.",SYR,Sweden,SWE,1169,371,0,,0,0
2010,"Syrian Arab Rep.",SYR,Switzerland,CHE,694,859,0,,0,0
2010,"Syrian Arab Rep.",SYR,Tunisia,TUN,5,0,0,,0,0
2010,"Syrian Arab Rep.",SYR,Turkey,TUR,9,65,0,,0,0
2010,"Syrian Arab Rep.",SYR,"United Arab Emirates",ARE,34,10,0,,0,0
2010,"Syrian Arab Rep.",SYR,Ukraine,UKR,42,95,0,,0,0
2010,"Syrian Arab Rep.",SYR,"United States of America",USA,312,10,0,,0,0
2010,"Syrian Arab Rep.",SYR,Yemen,YEM,52,34,0,,0,0
2011,"Syrian Arab Rep.",SYR,Algeria,DZA,0,5,0,,0,0
2011,"Syrian Arab Rep.",SYR,Egypt,EGY,9,85,0,,0,0
2011,"Syrian Arab Rep.",SYR,Armenia,ARM,6,0,0,,0,0
2011,"Syrian Arab Rep.",SYR,Australia,AUS,84,67,0,,0,0
2011,"Syrian Arab Rep.",SYR,Austria,AUT,903,456,0,,0,0
2011,"Syrian Arab Rep.",SYR,Bahrain,BHR,0,5,0,,0,0
2011,"Syrian Arab Rep.",SYR,Belgium,BEL,312,666,0,,0,0
2011,"Syrian Arab Rep.",SYR,Brazil,BRA,6,13,0,,0,0
2011,"Syrian Arab Rep.",SYR,Bulgaria,BGR,98,70,0,,0,0
2011,"Syrian Arab Rep.",SYR,Canada,CAN,547,251,0,,0,0
2011,"Syrian Arab Rep.",SYR,Chad,TCD,5,0,0,,0,0
2011,"Syrian Arab Rep.",SYR,Cyprus,CYP,137,347,0,,0,0
2011,"Syrian Arab Rep.",SYR,Czechia,CZE,23,0,0,,0,0
2011,"Syrian Arab Rep.",SYR,Denmark,DNK,1197,93,0,,0,0
2011,"Syrian Arab Rep.",SYR,Ecuador,ECU,11,0,0,,0,0
2011,"Syrian Arab Rep.",SYR,Finland,FIN,86,75,0,,0,0
2011,"Syrian Arab Rep.",SYR,France,FRA,351,0,0,,0,0
2011,"Syrian Arab Rep.",SYR,"United Kingdom of Great Britain and Northern Ireland",GBR,693,339,0,,0,0
2011,"Syrian Arab Rep.",SYR,Germany,DEU,10155,4713,0,,0,0
2011,"Syrian Arab Rep.",SYR,Greece,GRC,10,0,0,,0,0
2011,"Syrian Arab Rep.",SYR,Croatia,HRV,0,5,0,,0,0
2011,"Syrian Arab Rep.",SYR,Hungary,HUN,42,0,0,,0,0
2011,"Syrian Arab Rep.",SYR,Indonesia,IDN,0,5,0,,0,0
2011,"Syrian Arab Rep.",SYR,Ireland,IRL,27,16,0,,0,0
2011,"Syrian Arab Rep.",SYR,Iraq,IRQ,323,1391,0,,0,0
2011,"Syrian Arab Rep.",SYR,Italy,ITA,262,0,0,,0,0
2011,"Syrian Arab Rep.",SYR,Jordan,JOR,193,2618,0,,0,0
2011,"Syrian Arab Rep.",SYR,Kyrgyzstan,KGZ,9,10,0,,0,0
2011,"Syrian Arab Rep.",SYR,Kuwait,KWT,10,10,0,,0,0
2011,"Syrian Arab Rep.",SYR,Lebanon,LBN,124,368,0,,0,4840
2011,"Syrian Arab Rep.",SYR,Lithuania,LTU,5,0,0,,0,0
2011,"Syrian Arab Rep.",SYR,Latvia,LVA,5,11,0,,0,0
2011,"Syrian Arab Rep.",SYR,"China, Macao SAR",MAC,0,5,0,,0,0
2011,"Syrian Arab Rep.",SYR,"Rep. of Moldova",MDA,11,10,0,,0,0
2011,"Syrian Arab Rep.",SYR,Malaysia,MYS,5,10,0,,0,0
2011,"Syrian Arab Rep.",SYR,Morocco,MAR,0,5,0,,0,0
2011,"Syrian Arab Rep.",SYR,Malta,MLT,80,72,0,,0,0
2011,"Syrian Arab Rep.",SYR,Netherlands,NLD,1064,231,0,,0,0
2011,"Syrian Arab Rep.",SYR,Norway,NOR,171,336,0,,0,0
2011,"Syrian Arab Rep.",SYR,"New Zealand",NZL,35,0,0,,0,0
2011,"Syrian Arab Rep.",SYR,Oman,OMN,7,5,0,,0,0
2011,"Syrian Arab Rep.",SYR,Pakistan,PAK,8,0,0,,0,0
2011,"Syrian Arab Rep.",SYR,Poland,POL,10,10,0,,0,0
2011,"Syrian Arab Rep.",SYR,Qatar,QAT,8,0,0,,0,0
2011,"Syrian Arab Rep.",SYR,Romania,ROU,20,27,0,,0,0
2011,"Syrian Arab Rep.",SYR,"Russian Federation",RUS,5,15,0,,0,0
2011,"Syrian Arab Rep.",SYR,"Saudi Arabia",SAU,14,12,0,,0,0
2011,"Syrian Arab Rep.",SYR,Spain,ESP,32,0,0,,0,0
2011,"Syrian Arab Rep.",SYR,Slovakia,SVK,23,0,0,,0,0
2011,"Syrian Arab Rep.",SYR,Slovenia,SVN,0,5,0,,0,0
2011,"Syrian Arab Rep.",SYR,Sweden,SWE,1206,485,0,,0,0
2011,"Syrian Arab Rep.",SYR,Switzerland,CHE,1074,1066,0,,0,0
2011,"Syrian Arab Rep.",SYR,Thailand,THA,0,10,0,,0,0
2011,"Syrian Arab Rep.",SYR,Tunisia,TUN,11,0,0,,0,0
2011,"Syrian Arab Rep.",SYR,Turkey,TUR,19,205,0,,0,9270
2011,"Syrian Arab Rep.",SYR,"United Arab Emirates",ARE,37,5,0,,0,0
2011,"Syrian Arab Rep.",SYR,Ukraine,UKR,43,176,0,,0,0
2011,"Syrian Arab Rep.",SYR,"United States of America",USA,373,112,0,,0,0
2011,"Syrian Arab Rep.",SYR,Yemen,YEM,42,24,0,,0,0
2012,"Syrian Arab Rep.",SYR,Albania,ALB,0,5,0,,0,0
2012,"Syrian Arab Rep.",SYR,Algeria,DZA,0,236,0,,0,0
2012,"Syrian Arab Rep.",SYR,Egypt,EGY,12836,0,0,,0,0
2012,"Syrian Arab Rep.",SYR,Argentina,ARG,40,10,0,,0,0
2012,"Syrian Arab Rep.",SYR,Armenia,ARM,136,340,0,,0,5500
2012,"Syrian Arab Rep.",SYR,Australia,AUS,204,75,0,,0,0
2012,"Syrian Arab Rep.",SYR,Austria,AUT,1675,694,0,,0,0
2012,"Syrian Arab Rep.",SYR,Azerbaijan,AZE,5,5,0,,0,0
2012,"Syrian Arab Rep.",SYR,Bahrain,BHR,0,5,0,,0,0
2012,"Syrian Arab Rep.",SYR,Belgium,BEL,355,938,0,,0,0
2012,"Syrian Arab Rep.",SYR,Belarus,BLR,0,11,0,,0,0
2012,"Syrian Arab Rep.",SYR,Brazil,BRA,42,67,0,,0,0
2012,"Syrian Arab Rep.",SYR,"Bosnia and Herzegovina",BIH,5,26,0,,0,0
2012,"Syrian Arab Rep.",SYR,Bulgaria,BGR,97,0,0,,0,0
2012,"Syrian Arab Rep.",SYR,Canada,CAN,533,404,0,,0,0
2012,"Syrian Arab Rep.",SYR,Chad,TCD,5,0,0,,0,0
2012,"Syrian Arab Rep.",SYR,Chile,CHL,0,5,0,,0,0
2012,"Syrian Arab Rep.",SYR,Cameroon,CMR,0,5,0,,0,0
2012,"Syrian Arab Rep.",SYR,Cuba,CUB,11,5,0,,0,0
2012,"Syrian Arab Rep.",SYR,Cyprus,CYP,139,946,0,,0,0
2012,"Syrian Arab Rep.",SYR,Czechia,CZE,54,70,0,,0,0
2012,"Syrian Arab Rep.",SYR,Denmark,DNK,1903,115,0,,0,0
2012,"Syrian Arab Rep.",SYR,"Dominican Rep.",DOM,7,0,0,,0,0
2012,"Syrian Arab Rep.",SYR,Ecuador,ECU,11,0,0,,0,0
2012,"Syrian Arab Rep.",SYR,Finland,FIN,218,110,0,,0,0
2012,"Syrian Arab Rep.",SYR,France,FRA,640,0,0,,0,0
2012,"Syrian Arab Rep.",SYR,"United Kingdom of Great Britain and Northern Ireland",GBR,1717,389,0,,0,0
2012,"Syrian Arab Rep.",SYR,Georgia,GEO,141,16,0,,0,0
2012,"Syrian Arab Rep.",SYR,Germany,DEU,18165,5986,0,,0,0
2012,"Syrian Arab Rep.",SYR,Greece,GRC,20,0,0,,0,0
2012,"Syrian Arab Rep.",SYR,Croatia,HRV,12,40,0,,0,0
2012,"Syrian Arab Rep.",SYR,Hungary,HUN,86,0,0,,0,0
2012,"Syrian Arab Rep.",SYR,India,IND,6,5,0,,0,0
2012,"Syrian Arab Rep.",SYR,Indonesia,IDN,5,48,0,,0,0
2012,"Syrian Arab Rep.",SYR,Ireland,IRL,38,11,0,,0,0
2012,"Syrian Arab Rep.",SYR,Iraq,IRQ,63586,1185,0,,0,0
2012,"Syrian Arab Rep.",SYR,Italy,ITA,445,507,0,,0,0
2012,"Syrian Arab Rep.",SYR,Jordan,JOR,238798,491,0,,0,0
2012,"Syrian Arab Rep.",SYR,Japan,JPN,0,18,0,,0,0
2012,"Syrian Arab Rep.",SYR,Kazakhstan,KAZ,0,15,0,,0,0
2012,"Syrian Arab Rep.",SYR,Kyrgyzstan,KGZ,7,33,0,,0,0
2012,"Syrian Arab Rep.",SYR,"Rep. of Korea",KOR,0,146,0,,0,0
2012,"Syrian Arab Rep.",SYR,Kuwait,KWT,15,10,0,,0,0
2012,"Syrian Arab Rep.",SYR,Libya,LBY,0,3794,0,,0,0
2012,"Syrian Arab Rep.",SYR,Lebanon,LBN,126939,242,0,,0,0
2012,"Syrian Arab Rep.",SYR,Lithuania,LTU,5,5,0,,0,0
2012,"Syrian Arab Rep.",SYR,Latvia,LVA,17,15,0,,0,0
2012,"Syrian Arab Rep.",SYR,"Rep. of Moldova",MDA,55,33,0,,0,0
2012,"Syrian Arab Rep.",SYR,Malaysia,MYS,5,83,0,,0,0
2012,"Syrian Arab Rep.",SYR,Morocco,MAR,0,842,0,,0,0
2012,"Syrian Arab Rep.",SYR,Malta,MLT,191,139,0,,0,0
2012,"Syrian Arab Rep.",SYR,Montenegro,MNE,0,5,0,,0,0
2012,"Syrian Arab Rep.",SYR,Netherlands,NLD,1449,231,0,,0,0
2012,"Syrian Arab Rep.",SYR,Niger,NER,0,5,0,,0,0
2012,"Syrian Arab Rep.",SYR,Norway,NOR,565,306,0,,0,0
2012,"Syrian Arab Rep.",SYR,"New Zealand",NZL,41,5,0,,0,0
2012,"Syrian Arab Rep.",SYR,Oman,OMN,7,5,0,,0,0
2012,"Syrian Arab Rep.",SYR,Pakistan,PAK,11,0,0,,0,0
2012,"Syrian Arab Rep.",SYR,Philippines,PHL,0,5,0,,0,0
2012,"Syrian Arab Rep.",SYR,Poland,POL,17,83,0,,0,0
2012,"Syrian Arab Rep.",SYR,Portugal,PRT,0,10,0,,0,0
2012,"Syrian Arab Rep.",SYR,Qatar,QAT,8,0,0,,0,0
2012,"Syrian Arab Rep.",SYR,Romania,ROU,152,10,0,,0,0
2012,"Syrian Arab Rep.",SYR,"South Africa",ZAF,0,10,0,,0,0
2012,"Syrian Arab Rep.",SYR,"Russian Federation",RUS,53,91,0,,0,1400
2012,"Syrian Arab Rep.",SYR,"Saudi Arabia",SAU,14,12,0,,0,0
2012,"Syrian Arab Rep.",SYR,"Serbia and Kosovo: S/RES/1244 (1999)",SRB,0,49,0,,0,0
2012,"Syrian Arab Rep.",SYR,Spain,ESP,32,320,0,,0,0
2012,"Syrian Arab Rep.",SYR,Sudan,SDN,0,32,0,,0,0
2012,"Syrian Arab Rep.",SYR,Slovakia,SVK,24,0,0,,0,0
2012,"Syrian Arab Rep.",SYR,Slovenia,SVN,0,10,0,,0,0
2012,"Syrian Arab Rep.",SYR,Sweden,SWE,6051,3751,0,,0,0
2012,"Syrian Arab Rep.",SYR,Switzerland,CHE,1391,1692,0,,0,0
2012,"Syrian Arab Rep.",SYR,"Syrian Arab Rep.",SYR,0,0,2016500,,0,0
2012,"Syrian Arab Rep.",SYR,Thailand,THA,10,60,0,,0,0
2012,"Syrian Arab Rep.",SYR,Togo,TGO,0,10,0,,0,0
2012,"Syrian Arab Rep.",SYR,Tunisia,TUN,6,30,0,,0,0
2012,"Syrian Arab Rep.",SYR,Turkey,TUR,248466,200,0,,0,0
2012,"Syrian Arab Rep.",SYR,"United Arab Emirates",ARE,16,14,0,,0,0
2012,"Syrian Arab Rep.",SYR,Ukraine,UKR,63,453,0,,0,0
2012,"Syrian Arab Rep.",SYR,"United States of America",USA,1425,367,0,,0,0
2012,"Syrian Arab Rep.",SYR,Yemen,YEM,42,131,0,,0,0
2013,"Syrian Arab Rep.",SYR,Albania,ALB,0,15,0,,0,0
2013,"Syrian Arab Rep.",SYR,Algeria,DZA,0,1079,0,,0,0
2013,"Syrian Arab Rep.",SYR,Egypt,EGY,131659,0,0,,0,0
2013,"Syrian Arab Rep.",SYR,Argentina,ARG,159,12,0,,0,0
2013,"Syrian Arab Rep.",SYR,Armenia,ARM,11090,42,0,,0,0
2013,"Syrian Arab Rep.",SYR,Australia,AUS,265,138,0,,0,0
2013,"Syrian Arab Rep.",SYR,Austria,AUT,2748,1561,0,,0,0
2013,"Syrian Arab Rep.",SYR,Azerbaijan,AZE,9,5,0,,0,0
2013,"Syrian Arab Rep.",SYR,Belgium,BEL,1987,378,0,,0,0
2013,"Syrian Arab Rep.",SYR,Belarus,BLR,35,25,0,,0,0
2013,"Syrian Arab Rep.",SYR,"Bolivia (Plurinational State of)",BOL,5,0,0,,0,0
2013,"Syrian Arab Rep.",SYR,Brazil,BRA,333,70,0,,0,0
2013,"Syrian Arab Rep.",SYR,"Bosnia and Herzegovina",BIH,48,18,0,,0,0
2013,"Syrian Arab Rep.",SYR,Bulgaria,BGR,2104,2500,0,,0,0
2013,"Syrian Arab Rep.",SYR,Canada,CAN,592,435,0,,0,0
2013,"Syrian Arab Rep.",SYR,Chad,TCD,15,0,0,,0,0
2013,"Syrian Arab Rep.",SYR,Chile,CHL,5,5,0,,0,0
2013,"Syrian Arab Rep.",SYR,Cameroon,CMR,0,5,0,,0,0
2013,"Syrian Arab Rep.",SYR,"Costa Rica",CRI,0,5,0,,0,0
2013,"Syrian Arab Rep.",SYR,Cuba,CUB,24,0,0,,0,0
2013,"Syrian Arab Rep.",SYR,Cyprus,CYP,316,1319,0,,0,0
2013,"Syrian Arab Rep.",SYR,Czechia,CZE,149,25,0,,0,0
2013,"Syrian Arab Rep.",SYR,Denmark,DNK,3271,87,0,,0,0
2013,"Syrian Arab Rep.",SYR,"Dominican Rep.",DOM,5,0,0,,0,0
2013,"Syrian Arab Rep.",SYR,Ecuador,ECU,11,5,0,,0,0
2013,"Syrian Arab Rep.",SYR,Estonia,EST,0,10,0,,0,0
2013,"Syrian Arab Rep.",SYR,Finland,FIN,352,77,0,,0,0
2013,"Syrian Arab Rep.",SYR,France,FRA,1474,343,0,,0,0
2013,"Syrian Arab Rep.",SYR,"United Kingdom of Great Britain and Northern Ireland",GBR,3169,641,0,,0,0
2013,"Syrian Arab Rep.",SYR,Georgia,GEO,516,26,0,,0,0
2013,"Syrian Arab Rep.",SYR,Germany,DEU,21253,10566,0,,0,0
2013,"Syrian Arab Rep.",SYR,Ghana,GHA,0,55,0,,0,0
2013,"Syrian Arab Rep.",SYR,Greece,GRC,195,1665,0,,0,8000
2013,"Syrian Arab Rep.",SYR,Croatia,HRV,22,36,0,,0,0
2013,"Syrian Arab Rep.",SYR,Hungary,HUN,141,184,0,,0,0
2013,"Syrian Arab Rep.",SYR,Iceland,ISL,7,10,0,,0,0
2013,"Syrian Arab Rep.",SYR,"Cote d'Ivoire",CIV,0,12,0,,0,0
2013,"Syrian Arab Rep.",SYR,India,IND,18,12,0,,0,0
2013,"Syrian Arab Rep.",SYR,Indonesia,IDN,36,43,0,,0,0
2013,"Syrian Arab Rep.",SYR,Ireland,IRL,71,10,0,,0,0
2013,"Syrian Arab Rep.",SYR,Iraq,IRQ,212809,1164,0,,0,0
2013,"Syrian Arab Rep.",SYR,Italy,ITA,840,278,0,,0,0
2013,"Syrian Arab Rep.",SYR,Jordan,JOR,585304,0,0,,0,0
2013,"Syrian Arab Rep.",SYR,Japan,JPN,26,0,0,,0,0
2013,"Syrian Arab Rep.",SYR,Kazakhstan,KAZ,7,21,0,,0,0
2013,"Syrian Arab Rep.",SYR,Kyrgyzstan,KGZ,14,77,0,,0,0
2013,"Syrian Arab Rep.",SYR,"Rep. of Korea",KOR,0,431,0,,0,0
2013,"Syrian Arab Rep.",SYR,Kuwait,KWT,13,10,0,,0,0
2013,"Syrian Arab Rep.",SYR,Liberia,LBR,0,10,0,,0,0
2013,"Syrian Arab Rep.",SYR,Libya,LBY,16796,0,0,,0,0
2013,"Syrian Arab Rep.",SYR,Lebanon,LBN,851284,331,0,,0,0
2013,"Syrian Arab Rep.",SYR,Lithuania,LTU,18,5,0,,0,0
2013,"Syrian Arab Rep.",SYR,Luxembourg,LUX,5,23,0,,0,0
2013,"Syrian Arab Rep.",SYR,Latvia,LVA,33,12,0,,0,0
2013,"Syrian Arab Rep.",SYR,Mauritania,MRT,5,41,0,,0,0
2013,"Syrian Arab Rep.",SYR,"North Macedonia",MKD,0,205,0,,0,0
2013,"Syrian Arab Rep.",SYR,"Rep. of Moldova",MDA,139,27,0,,0,0
2013,"Syrian Arab Rep.",SYR,Mexico,MEX,13,0,0,,0,0
2013,"Syrian Arab Rep.",SYR,Malaysia,MYS,101,720,0,,0,0
2013,"Syrian Arab Rep.",SYR,Mongolia,MNG,0,5,0,,0,0
2013,"Syrian Arab Rep.",SYR,Morocco,MAR,856,0,0,,0,0
2013,"Syrian Arab Rep.",SYR,Malta,MLT,776,102,0,,0,0
2013,"Syrian Arab Rep.",SYR,Montenegro,MNE,0,60,0,,0,0
2013,"Syrian Arab Rep.",SYR,Netherlands,NLD,3404,0,0,,0,0
2013,"Syrian Arab Rep.",SYR,Niger,NER,6,0,0,,0,0
2013,"Syrian Arab Rep.",SYR,Nigeria,NGA,9,10,0,,0,0
2013,"Syrian Arab Rep.",SYR,Norway,NOR,1311,259,0,,0,0
2013,"Syrian Arab Rep.",SYR,"New Zealand",NZL,43,5,0,,0,0
2013,"Syrian Arab Rep.",SYR,Oman,OMN,7,5,0,,0,0
2013,"Syrian Arab Rep.",SYR,Pakistan,PAK,13,0,0,,0,0
2013,"Syrian Arab Rep.",SYR,Peru,PER,5,0,0,,0,0
2013,"Syrian Arab Rep.",SYR,Philippines,PHL,7,21,0,,0,0
2013,"Syrian Arab Rep.",SYR,Poland,POL,108,100,0,,0,0
2013,"Syrian Arab Rep.",SYR,Portugal,PRT,14,10,0,,0,0
2013,"Syrian Arab Rep.",SYR,Qatar,QAT,8,0,0,,0,0
2013,"Syrian Arab Rep.",SYR,Romania,ROU,932,91,0,,0,0
2013,"Syrian Arab Rep.",SYR,"South Africa",ZAF,8,10,0,,0,0
2013,"Syrian Arab Rep.",SYR,"Russian Federation",RUS,1163,839,0,,0,1400
2013,"Syrian Arab Rep.",SYR,"Saudi Arabia",SAU,14,12,0,,0,0
2013,"Syrian Arab Rep.",SYR,"Serbia and Kosovo: S/RES/1244 (1999)",SRB,5,60,0,,0,0
2013,"Syrian Arab Rep.",SYR,Senegal,SEN,0,5,0,,0,0
2013,"Syrian Arab Rep.",SYR,Somalia,SOM,0,10,0,,0,0
2013,"Syrian Arab Rep.",SYR,Spain,ESP,180,743,0,,0,0
2013,"Syrian Arab Rep.",SYR,Sudan,SDN,84,224,0,,0,0
2013,"Syrian Arab Rep.",SYR,Slovakia,SVK,26,0,0,,0,0
2013,"Syrian Arab Rep.",SYR,Slovenia,SVN,9,0,0,,0,0
2013,"Syrian Arab Rep.",SYR,Sweden,SWE,17984,6808,0,,0,0
2013,"Syrian Arab Rep.",SYR,Switzerland,CHE,2012,2849,0,,0,0
2013,"Syrian Arab Rep.",SYR,"Syrian Arab Rep.",SYR,0,0,6520800,,0,0
2013,"Syrian Arab Rep.",SYR,"United Rep. of Tanzania",TZA,0,5,0,,0,0
2013,"Syrian Arab Rep.",SYR,Thailand,THA,44,144,0,,0,0
2013,"Syrian Arab Rep.",SYR,Tunisia,TUN,164,0,0,,0,0
2013,"Syrian Arab Rep.",SYR,Turkey,TUR,585601,110,0,,0,0
2013,"Syrian Arab Rep.",SYR,"United Arab Emirates",ARE,16,14,0,,0,0
2013,"Syrian Arab Rep.",SYR,Uganda,UGA,0,10,0,,0,0
2013,"Syrian Arab Rep.",SYR,Ukraine,UKR,167,591,0,,0,0
2013,"Syrian Arab Rep.",SYR,"United States of America",USA,3802,1378,0,,0,0
2013,"Syrian Arab Rep.",SYR,Yemen,YEM,54,1761,0,,0,0
2013,"Syrian Arab Rep.",SYR,Zambia,ZMB,0,5,0,,0,0
2014,"Syrian Arab Rep.",SYR,Albania,ALB,5,10,0,,0,0
2014,"Syrian Arab Rep.",SYR,Algeria,DZA,0,4109,0,,0,0
2014,"Syrian Arab Rep.",SYR,Egypt,EGY,138381,0,0,,0,0
2014,"Syrian Arab Rep.",SYR,Argentina,ARG,233,22,0,,0,0
2014,"Syrian Arab Rep.",SYR,Armenia,ARM,14994,10,0,,0,0
2014,"Syrian Arab Rep.",SYR,Australia,AUS,302,172,0,,0,0
2014,"Syrian Arab Rep.",SYR,Austria,AUT,6653,0,0,,0,0
2014,"Syrian Arab Rep.",SYR,Azerbaijan,AZE,7,5,0,,0,0
2014,"Syrian Arab Rep.",SYR,Belgium,BEL,2620,732,0,,0,0
2014,"Syrian Arab Rep.",SYR,Belarus,BLR,72,48,0,,0,0
2014,"Syrian Arab Rep.",SYR,"Bolivia (Plurinational State of)",BOL,6,0,0,,0,0
2014,"Syrian Arab Rep.",SYR,Brazil,BRA,1739,76,0,,0,0
2014,"Syrian Arab Rep.",SYR,"Bosnia and Herzegovina",BIH,25,0,0,,0,0
2014,"Syrian Arab Rep.",SYR,Bulgaria,BGR,8501,2510,0,,0,0
2014,"Syrian Arab Rep.",SYR,Canada,CAN,705,182,0,,0,0
2014,"Syrian Arab Rep.",SYR,"Central African Rep.",CAF,0,10,0,,0,0
2014,"Syrian Arab Rep.",SYR,Chad,TCD,15,5,0,,0,0
2014,"Syrian Arab Rep.",SYR,China,CHN,5,0,0,,0,0
2014,"Syrian Arab Rep.",SYR,Chile,CHL,6,10,0,,0,0
2014,"Syrian Arab Rep.",SYR,Cameroon,CMR,0,11,0,,0,0
2014,"Syrian Arab Rep.",SYR,Colombia,COL,5,0,0,,0,0
2014,"Syrian Arab Rep.",SYR,"Costa Rica",CRI,5,5,0,,0,0
2014,"Syrian Arab Rep.",SYR,Cuba,CUB,20,0,0,,0,0
2014,"Syrian Arab Rep.",SYR,Cyprus,CYP,1451,1110,0,,0,0
2014,"Syrian Arab Rep.",SYR,Czechia,CZE,236,54,0,,0,0
2014,"Syrian Arab Rep.",SYR,Denmark,DNK,7253,1468,0,,0,0
2014,"Syrian Arab Rep.",SYR,Djibouti,DJI,0,5,0,,0,0
2014,"Syrian Arab Rep.",SYR,Ecuador,ECU,13,0,0,,0,0
2014,"Syrian Arab Rep.",SYR,Estonia,EST,6,5,0,,0,0
2014,"Syrian Arab Rep.",SYR,Ethiopia,ETH,0,10,0,,0,0
2014,"Syrian Arab Rep.",SYR,Finland,FIN,438,55,0,,0,0
2014,"Syrian Arab Rep.",SYR,France,FRA,2882,1239,0,,0,0
2014,"Syrian Arab Rep.",SYR,"United Kingdom of Great Britain and Northern Ireland",GBR,4573,1329,0,,0,0
2014,"Syrian Arab Rep.",SYR,Georgia,GEO,471,35,0,,0,0
2014,"Syrian Arab Rep.",SYR,Germany,DEU,40994,29591,0,,0,0
2014,"Syrian Arab Rep.",SYR,Ghana,GHA,5,73,0,,0,0
2014,"Syrian Arab Rep.",SYR,Greece,GRC,3913,180,0,,0,0
2014,"Syrian Arab Rep.",SYR,Croatia,HRV,22,5,0,,0,0
2014,"Syrian Arab Rep.",SYR,Hungary,HUN,334,823,0,,0,0
2014,"Syrian Arab Rep.",SYR,Iceland,ISL,7,5,0,,0,0
2014,"Syrian Arab Rep.",SYR,"Cote d'Ivoire",CIV,5,16,0,,0,0
2014,"Syrian Arab Rep.",SYR,India,IND,27,18,0,,0,0
2014,"Syrian Arab Rep.",SYR,Indonesia,IDN,43,42,0,,0,0
2014,"Syrian Arab Rep.",SYR,Ireland,IRL,176,10,0,,0,0
2014,"Syrian Arab Rep.",SYR,Iraq,IRQ,234196,1225,0,,0,0
2014,"Syrian Arab Rep.",SYR,Italy,ITA,1144,331,0,,0,0
2014,"Syrian Arab Rep.",SYR,Jamaica,JAM,5,0,0,,0,0
2014,"Syrian Arab Rep.",SYR,Jordan,JOR,623112,0,0,,0,0
2014,"Syrian Arab Rep.",SYR,Japan,JPN,41,12,0,,0,0
2014,"Syrian Arab Rep.",SYR,Kazakhstan,KAZ,14,29,0,,0,0
2014,"Syrian Arab Rep.",SYR,Kenya,KEN,0,5,0,,0,0
2014,"Syrian Arab Rep.",SYR,Kyrgyzstan,KGZ,56,16,0,,0,0
2014,"Syrian Arab Rep.",SYR,"Rep. of Korea",KOR,503,64,0,,0,0
2014,"Syrian Arab Rep.",SYR,Kuwait,KWT,15,5,0,,0,0
2014,"Syrian Arab Rep.",SYR,Liberia,LBR,6,0,0,,0,0
2014,"Syrian Arab Rep.",SYR,Libya,LBY,18653,0,0,,0,0
2014,"Syrian Arab Rep.",SYR,Lebanon,LBN,1147494,418,0,,0,1992
2014,"Syrian Arab Rep.",SYR,Liechtenstein,LIE,5,0,0,,0,0
2014,"Syrian Arab Rep.",SYR,"Sri Lanka",LKA,5,5,0,,0,0
2014,"Syrian Arab Rep.",SYR,Lithuania,LTU,20,5,0,,0,0
2014,"Syrian Arab Rep.",SYR,Luxembourg,LUX,59,59,0,,0,0
2014,"Syrian Arab Rep.",SYR,Latvia,LVA,52,17,0,,0,0
2014,"Syrian Arab Rep.",SYR,Mauritania,MRT,41,54,0,,0,0
2014,"Syrian Arab Rep.",SYR,"North Macedonia",MKD,11,654,0,,0,0
2014,"Syrian Arab Rep.",SYR,"Rep. of Moldova",MDA,186,22,0,,0,0
2014,"Syrian Arab Rep.",SYR,Mexico,MEX,13,5,0,,0,0
2014,"Syrian Arab Rep.",SYR,Mali,MLI,16,0,0,,0,0
2014,"Syrian Arab Rep.",SYR,Malaysia,MYS,447,528,0,,0,0
2014,"Syrian Arab Rep.",SYR,Mongolia,MNG,5,0,0,,0,0
2014,"Syrian Arab Rep.",SYR,Morocco,MAR,647,0,0,,0,0
2014,"Syrian Arab Rep.",SYR,Malta,MLT,1047,34,0,,0,0
2014,"Syrian Arab Rep.",SYR,Montenegro,MNE,0,36,0,,0,0
2014,"Syrian Arab Rep.",SYR,Netherlands,NLD,8692,2322,0,,0,0
2014,"Syrian Arab Rep.",SYR,Niger,NER,6,0,0,,0,0
2014,"Syrian Arab Rep.",SYR,Nigeria,NGA,11,17,0,,0,0
2014,"Syrian Arab Rep.",SYR,Norway,NOR,2568,828,0,,0,0
2014,"Syrian Arab Rep.",SYR,Nauru,NRU,0,5,0,,0,0
2014,"Syrian Arab Rep.",SYR,"New Zealand",NZL,48,5,0,,0,0
2014,"Syrian Arab Rep.",SYR,Oman,OMN,7,5,0,,0,0
2014,"Syrian Arab Rep.",SYR,Pakistan,PAK,16,0,0,,0,0
2014,"Syrian Arab Rep.",SYR,Paraguay,PRY,7,10,0,,0,0
2014,"Syrian Arab Rep.",SYR,Peru,PER,20,0,0,,0,0
2014,"Syrian Arab Rep.",SYR,Philippines,PHL,19,35,0,,0,0
2014,"Syrian Arab Rep.",SYR,Poland,POL,240,34,0,,0,0
2014,"Syrian Arab Rep.",SYR,Portugal,PRT,15,15,0,,0,0
2014,"Syrian Arab Rep.",SYR,Qatar,QAT,14,0,0,,0,0
2014,"Syrian Arab Rep.",SYR,Romania,ROU,1278,112,0,,0,0
2014,"Syrian Arab Rep.",SYR,"South Africa",ZAF,28,36,0,,0,0
2014,"Syrian Arab Rep.",SYR,"Russian Federation",RUS,1927,413,0,,0,0
2014,"Syrian Arab Rep.",SYR,"Saudi Arabia",SAU,18,12,0,,0,0
2014,"Syrian Arab Rep.",SYR,"Serbia and Kosovo: S/RES/1244 (1999)",SRB,6,237,0,,0,0
2014,"Syrian Arab Rep.",SYR,Senegal,SEN,0,21,0,,0,0
2014,"Syrian Arab Rep.",SYR,Somalia,SOM,0,63,0,,0,0
2014,"Syrian Arab Rep.",SYR,Spain,ESP,1336,781,0,,0,0
2014,"Syrian Arab Rep.",SYR,Sudan,SDN,797,238,0,,0,0
2014,"Syrian Arab Rep.",SYR,Slovakia,SVK,40,0,0,,0,0
2014,"Syrian Arab Rep.",SYR,Slovenia,SVN,20,10,0,,0,0
2014,"Syrian Arab Rep.",SYR,Sweden,SWE,34285,19011,0,,0,0
2014,"Syrian Arab Rep.",SYR,Switzerland,CHE,5161,3501,0,,0,0
2014,"Syrian Arab Rep.",SYR,"Syrian Arab Rep.",SYR,0,0,7632500,,0,0
2014,"Syrian Arab Rep.",SYR,Thailand,THA,82,168,0,,0,0
2014,"Syrian Arab Rep.",SYR,Togo,TGO,0,5,0,,0,0
2014,"Syrian Arab Rep.",SYR,"Trinidad and Tobago",TTO,8,15,0,,0,0
2014,"Syrian Arab Rep.",SYR,Tunisia,TUN,558,0,0,,0,0
2014,"Syrian Arab Rep.",SYR,Turkey,TUR,1557899,250,0,,0,0
2014,"Syrian Arab Rep.",SYR,"United Arab Emirates",ARE,28,12,0,,0,0
2014,"Syrian Arab Rep.",SYR,Uganda,UGA,0,13,0,,0,0
2014,"Syrian Arab Rep.",SYR,Ukraine,UKR,341,593,0,,0,0
2014,"Syrian Arab Rep.",SYR,Uruguay,URY,48,11,0,,0,0
2014,"Syrian Arab Rep.",SYR,"United States of America",USA,4750,2302,0,,0,0
2014,"Syrian Arab Rep.",SYR,Yemen,YEM,2276,1039,0,,0,0
2014,"Syrian Arab Rep.",SYR,Zambia,ZMB,0,10,0,,0,0
2015,"Syrian Arab Rep.",SYR,Albania,ALB,5,0,0,,0,0
2015,"Syrian Arab Rep.",SYR,Algeria,DZA,0,6211,0,,0,0
2015,"Syrian Arab Rep.",SYR,"Antigua and Barbuda",ATG,15,0,0,,0,0
2015,"Syrian Arab Rep.",SYR,Egypt,EGY,117635,0,0,,0,0
2015,"Syrian Arab Rep.",SYR,Argentina,ARG,276,98,0,,0,0
2015,"Syrian Arab Rep.",SYR,Armenia,ARM,16611,11,0,,0,0
2015,"Syrian Arab Rep.",SYR,Australia,AUS,301,134,0,,0,0
2015,"Syrian Arab Rep.",SYR,Austria,AUT,14894,18669,0,,0,0
2015,"Syrian Arab Rep.",SYR,Azerbaijan,AZE,8,5,0,,0,0
2015,"Syrian Arab Rep.",SYR,Belgium,BEL,4239,3869,0,,0,0
2015,"Syrian Arab Rep.",SYR,Belarus,BLR,138,5,0,,0,0
2015,"Syrian Arab Rep.",SYR,"Bolivia (Plurinational State of)",BOL,7,0,0,,0,0
2015,"Syrian Arab Rep.",SYR,Brazil,BRA,2271,1154,0,,0,0
2015,"Syrian Arab Rep.",SYR,"Bosnia and Herzegovina",BIH,14,5,0,,0,0
2015,"Syrian Arab Rep.",SYR,Bulgaria,BGR,13819,1683,0,,0,0
2015,"Syrian Arab Rep.",SYR,Canada,CAN,1513,237,0,,0,0
2015,"Syrian Arab Rep.",SYR,"Central African Rep.",CAF,0,10,0,,0,0
2015,"Syrian Arab Rep.",SYR,Chad,TCD,6,22,0,,0,0
2015,"Syrian Arab Rep.",SYR,China,CHN,14,24,0,,0,0
2015,"Syrian Arab Rep.",SYR,Chile,CHL,13,11,0,,0,0
2015,"Syrian Arab Rep.",SYR,Cameroon,CMR,15,5,0,,0,0
2015,"Syrian Arab Rep.",SYR,Congo,COG,5,5,0,,0,0
2015,"Syrian Arab Rep.",SYR,"Dem. Rep. of the Congo",COD,7,0,0,,0,0
2015,"Syrian Arab Rep.",SYR,Colombia,COL,7,0,0,,0,0
2015,"Syrian Arab Rep.",SYR,"Costa Rica",CRI,8,0,0,,0,0
2015,"Syrian Arab Rep.",SYR,Cuba,CUB,41,0,0,,0,0
2015,"Syrian Arab Rep.",SYR,Cyprus,CYP,3110,692,0,,0,6000
2015,"Syrian Arab Rep.",SYR,Czechia,CZE,365,42,0,,0,0
2015,"Syrian Arab Rep.",SYR,Denmark,DNK,12988,825,0,,0,0
2015,"Syrian Arab Rep.",SYR,Djibouti,DJI,5,0,0,,0,0
2015,"Syrian Arab Rep.",SYR,Ecuador,ECU,17,0,0,,0,0
2015,"Syrian Arab Rep.",SYR,Estonia,EST,6,0,0,,0,0
2015,"Syrian Arab Rep.",SYR,Ethiopia,ETH,9,15,0,,0,0
2015,"Syrian Arab Rep.",SYR,Finland,FIN,565,705,0,,0,0
2015,"Syrian Arab Rep.",SYR,France,FRA,5179,2711,0,,0,0
2015,"Syrian Arab Rep.",SYR,"United Kingdom of Great Britain and Northern Ireland",GBR,6496,1648,0,,0,0
2015,"Syrian Arab Rep.",SYR,Georgia,GEO,475,10,0,,0,0
2015,"Syrian Arab Rep.",SYR,Germany,DEU,115604,81582,0,,0,0
2015,"Syrian Arab Rep.",SYR,Ghana,GHA,47,49,0,,0,0
2015,"Syrian Arab Rep.",SYR,Greece,GRC,9101,450,0,,0,0
2015,"Syrian Arab Rep.",SYR,Croatia,HRV,23,5,0,,0,0
2015,"Syrian Arab Rep.",SYR,Hungary,HUN,476,18607,0,,0,0
2015,"Syrian Arab Rep.",SYR,Iceland,ISL,37,0,0,,0,0
2015,"Syrian Arab Rep.",SYR,"Cote d'Ivoire",CIV,20,10,0,,0,0
2015,"Syrian Arab Rep.",SYR,India,IND,41,20,0,,0,0
2015,"Syrian Arab Rep.",SYR,Indonesia,IDN,61,32,0,,0,0
2015,"Syrian Arab Rep.",SYR,Ireland,IRL,109,50,0,,0,0
2015,"Syrian Arab Rep.",SYR,Iraq,IRQ,244642,0,0,,0,0
2015,"Syrian Arab Rep.",SYR,Italy,ITA,1460,246,0,,0,0
2015,"Syrian Arab Rep.",SYR,Jamaica,JAM,5,0,0,,0,0
2015,"Syrian Arab Rep.",SYR,Jordan,JOR,628223,0,0,,0,0
2015,"Syrian Arab Rep.",SYR,Japan,JPN,59,0,0,,0,0
2015,"Syrian Arab Rep.",SYR,Kazakhstan,KAZ,23,16,0,,0,0
2015,"Syrian Arab Rep.",SYR,Kenya,KEN,9,10,0,,0,0
2015,"Syrian Arab Rep.",SYR,Kyrgyzstan,KGZ,55,10,0,,0,0
2015,"Syrian Arab Rep.",SYR,"Rep. of Korea",KOR,646,320,0,,0,0
2015,"Syrian Arab Rep.",SYR,Kuwait,KWT,14,5,0,,0,0
2015,"Syrian Arab Rep.",SYR,Liberia,LBR,6,5,0,,0,0
2015,"Syrian Arab Rep.",SYR,Libya,LBY,97,18591,0,,0,0
2015,"Syrian Arab Rep.",SYR,Lebanon,LBN,1062690,16,0,,0,2242
2015,"Syrian Arab Rep.",SYR,Liechtenstein,LIE,23,0,0,,0,0
2015,"Syrian Arab Rep.",SYR,"Sri Lanka",LKA,5,11,0,,0,0
2015,"Syrian Arab Rep.",SYR,Lithuania,LTU,23,5,0,,0,0
2015,"Syrian Arab Rep.",SYR,Luxembourg,LUX,177,593,0,,0,0
2015,"Syrian Arab Rep.",SYR,Latvia,LVA,65,5,0,,0,0
2015,"Syrian Arab Rep.",SYR,Mauritania,MRT,215,107,0,,0,0
2015,"Syrian Arab Rep.",SYR,"North Macedonia",MKD,13,5,0,,0,0
2015,"Syrian Arab Rep.",SYR,"Rep. of Moldova",MDA,206,10,0,,0,0
2015,"Syrian Arab Rep.",SYR,Mexico,MEX,18,0,0,,0,0
2015,"Syrian Arab Rep.",SYR,Mali,MLI,82,10,0,,0,0
2015,"Syrian Arab Rep.",SYR,Malaysia,MYS,473,829,0,,0,0
2015,"Syrian Arab Rep.",SYR,Morocco,MAR,2619,0,0,,0,0
2015,"Syrian Arab Rep.",SYR,Malta,MLT,1328,161,0,,0,0
2015,"Syrian Arab Rep.",SYR,Netherlands,NLD,16184,12717,0,,0,0
2015,"Syrian Arab Rep.",SYR,Niger,NER,6,0,0,,0,0
2015,"Syrian Arab Rep.",SYR,Nigeria,NGA,32,41,0,,0,0
2015,"Syrian Arab Rep.",SYR,Norway,NOR,4121,9128,0,,0,0
2015,"Syrian Arab Rep.",SYR,Nauru,NRU,0,5,0,,0,0
2015,"Syrian Arab Rep.",SYR,"New Zealand",NZL,52,5,0,,0,0
2015,"Syrian Arab Rep.",SYR,Oman,OMN,7,5,0,,0,0
2015,"Syrian Arab Rep.",SYR,Pakistan,PAK,16,10,0,,0,0
2015,"Syrian Arab Rep.",SYR,Paraguay,PRY,30,27,0,,0,0
2015,"Syrian Arab Rep.",SYR,Peru,PER,29,0,0,,0,0
2015,"Syrian Arab Rep.",SYR,Philippines,PHL,36,40,0,,0,0
2015,"Syrian Arab Rep.",SYR,Poland,POL,445,36,0,,0,0
2015,"Syrian Arab Rep.",SYR,Portugal,PRT,17,28,0,,0,0
2015,"Syrian Arab Rep.",SYR,Qatar,QAT,14,0,0,,0,0
2015,"Syrian Arab Rep.",SYR,Romania,ROU,1591,96,0,,0,0
2015,"Syrian Arab Rep.",SYR,"South Africa",ZAF,31,58,0,,0,0
2015,"Syrian Arab Rep.",SYR,"Russian Federation",RUS,1304,393,0,,0,0
2015,"Syrian Arab Rep.",SYR,"El Salvador",SLV,5,0,0,,0,0
2015,"Syrian Arab Rep.",SYR,"Saudi Arabia",SAU,9,0,0,,0,0
2015,"Syrian Arab Rep.",SYR,"Serbia and Kosovo: S/RES/1244 (1999)",SRB,11,0,0,,0,0
2015,"Syrian Arab Rep.",SYR,Senegal,SEN,0,21,0,,0,0
2015,"Syrian Arab Rep.",SYR,Somalia,SOM,24,101,0,,0,0
2015,"Syrian Arab Rep.",SYR,Spain,ESP,1992,3280,0,,0,0
2015,"Syrian Arab Rep.",SYR,Sudan,SDN,2692,527,0,,0,0
2015,"Syrian Arab Rep.",SYR,Slovakia,SVK,47,0,0,,0,0
2015,"Syrian Arab Rep.",SYR,Slovenia,SVN,30,10,0,,0,0
2015,"Syrian Arab Rep.",SYR,Sweden,SWE,52707,49286,0,,0,0
2015,"Syrian Arab Rep.",SYR,Switzerland,CHE,8695,4462,0,,0,0
2015,"Syrian Arab Rep.",SYR,"Syrian Arab Rep.",SYR,0,0,6563462,,0,0
2015,"Syrian Arab Rep.",SYR,Thailand,THA,95,243,0,,0,0
2015,"Syrian Arab Rep.",SYR,Togo,TGO,5,5,0,,0,0
2015,"Syrian Arab Rep.",SYR,"Trinidad and Tobago",TTO,22,25,0,,0,0
2015,"Syrian Arab Rep.",SYR,Tunisia,TUN,499,0,0,,0,0
2015,"Syrian Arab Rep.",SYR,Turkey,TUR,2503549,297,0,,0,0
2015,"Syrian Arab Rep.",SYR,"United Arab Emirates",ARE,36,109,0,,0,0
2015,"Syrian Arab Rep.",SYR,Uganda,UGA,6,11,0,,0,0
2015,"Syrian Arab Rep.",SYR,Ukraine,UKR,399,566,0,,0,0
2015,"Syrian Arab Rep.",SYR,Uruguay,URY,58,10,0,,0,0
2015,"Syrian Arab Rep.",SYR,"United States of America",USA,5651,3118,0,,0,0
2015,"Syrian Arab Rep.",SYR,Yemen,YEM,3011,615,0,,0,0
2015,"Syrian Arab Rep.",SYR,Zambia,ZMB,6,10,0,,0,0
2015,"Syrian Arab Rep.",SYR,Zimbabwe,ZWE,0,0,0,,0,5
2015,"Syrian Arab Rep.",SYR,"Curacao ",CUW,0,5,0,,0,0
2015,"Syrian Arab Rep.",SYR,"Sint Maarten (Dutch part)",SXM,0,5,0,,0,0
2016,"Syrian Arab Rep.",SYR,Albania,ALB,5,0,0,,0,0
2016,"Syrian Arab Rep.",SYR,Algeria,DZA,0,5329,0,,0,0
2016,"Syrian Arab Rep.",SYR,"Antigua and Barbuda",ATG,5,0,0,,0,0
2016,"Syrian Arab Rep.",SYR,Egypt,EGY,116013,0,0,,0,0
2016,"Syrian Arab Rep.",SYR,Argentina,ARG,357,53,0,,0,181
2016,"Syrian Arab Rep.",SYR,Armenia,ARM,14626,20,0,,0,0
2016,"Syrian Arab Rep.",SYR,Australia,AUS,378,134,0,,0,0
2016,"Syrian Arab Rep.",SYR,Austria,AUT,30958,9812,0,,0,0
2016,"Syrian Arab Rep.",SYR,Azerbaijan,AZE,15,10,0,,0,0
2016,"Syrian Arab Rep.",SYR,Belgium,BEL,9080,1798,0,,0,0
2016,"Syrian Arab Rep.",SYR,Benin,BEN,0,5,0,,0,0
2016,"Syrian Arab Rep.",SYR,Belarus,BLR,77,10,0,,0,0
2016,"Syrian Arab Rep.",SYR,"Bolivia (Plurinational State of)",BOL,13,0,0,,0,0
2016,"Syrian Arab Rep.",SYR,Brazil,BRA,2591,1209,0,,0,0
2016,"Syrian Arab Rep.",SYR,"Bosnia and Herzegovina",BIH,15,12,0,,0,0
2016,"Syrian Arab Rep.",SYR,Bulgaria,BGR,15027,1961,0,,0,0
2016,"Syrian Arab Rep.",SYR,Canada,CAN,2757,380,0,,0,0
2016,"Syrian Arab Rep.",SYR,Chad,TCD,17,10,0,,0,0
2016,"Syrian Arab Rep.",SYR,China,CHN,20,35,0,,0,0
2016,"Syrian Arab Rep.",SYR,Chile,CHL,18,15,0,,0,0
2016,"Syrian Arab Rep.",SYR,Cameroon,CMR,23,0,0,,0,0
2016,"Syrian Arab Rep.",SYR,Congo,COG,5,5,0,,0,0
2016,"Syrian Arab Rep.",SYR,"Dem. Rep. of the Congo",COD,11,22,0,,0,0
2016,"Syrian Arab Rep.",SYR,Colombia,COL,8,5,0,,0,0
2016,"Syrian Arab Rep.",SYR,"Costa Rica",CRI,8,5,0,,0,0
2016,"Syrian Arab Rep.",SYR,Cuba,CUB,39,5,0,,0,0
2016,"Syrian Arab Rep.",SYR,Cyprus,CYP,4263,824,0,,0,6000
2016,"Syrian Arab Rep.",SYR,Czechia,CZE,365,17,0,,0,0
2016,"Syrian Arab Rep.",SYR,Denmark,DNK,18215,512,0,,0,0
2016,"Syrian Arab Rep.",SYR,Djibouti,DJI,13,0,0,,0,0
2016,"Syrian Arab Rep.",SYR,"Dominican Rep.",DOM,0,5,0,,0,0
2016,"Syrian Arab Rep.",SYR,Estonia,EST,76,0,0,,0,0
2016,"Syrian Arab Rep.",SYR,Ethiopia,ETH,9,48,0,,0,0
2016,"Syrian Arab Rep.",SYR,Finland,FIN,1677,130,0,,0,0
2016,"Syrian Arab Rep.",SYR,France,FRA,8991,2149,0,,0,0
2016,"Syrian Arab Rep.",SYR,"United Kingdom of Great Britain and Northern Ireland",GBR,8269,1010,0,,0,0
2016,"Syrian Arab Rep.",SYR,Georgia,GEO,425,12,0,,0,0
2016,"Syrian Arab Rep.",SYR,Germany,DEU,375122,100527,0,,0,0
2016,"Syrian Arab Rep.",SYR,Ghana,GHA,8,122,0,,0,0
2016,"Syrian Arab Rep.",SYR,Guinea-Bissau,GNB,0,5,0,,0,0
2016,"Syrian Arab Rep.",SYR,Greece,GRC,14420,13997,0,,0,0
2016,"Syrian Arab Rep.",SYR,Croatia,HRV,60,130,0,,0,0
2016,"Syrian Arab Rep.",SYR,Hungary,HUN,584,864,0,,0,0
2016,"Syrian Arab Rep.",SYR,Iceland,ISL,37,5,0,,0,0
2016,"Syrian Arab Rep.",SYR,"Cote d'Ivoire",CIV,5,14,0,,0,0
2016,"Syrian Arab Rep.",SYR,India,IND,65,35,0,,0,0
2016,"Syrian Arab Rep.",SYR,Indonesia,IDN,30,36,0,,0,0
2016,"Syrian Arab Rep.",SYR,Ireland,IRL,243,135,0,,0,0
2016,"Syrian Arab Rep.",SYR,Iraq,IRQ,230836,0,0,,0,99
2016,"Syrian Arab Rep.",SYR,Italy,ITA,2613,548,0,,0,0
2016,"Syrian Arab Rep.",SYR,Jamaica,JAM,5,0,0,,0,0
2016,"Syrian Arab Rep.",SYR,Jordan,JOR,648836,0,0,,0,0
2016,"Syrian Arab Rep.",SYR,Japan,JPN,61,0,0,,0,0
2016,"Syrian Arab Rep.",SYR,Kazakhstan,KAZ,19,22,0,,0,0
2016,"Syrian Arab Rep.",SYR,Kenya,KEN,0,5,0,,0,0
2016,"Syrian Arab Rep.",SYR,Kyrgyzstan,KGZ,66,5,0,,0,0
2016,"Syrian Arab Rep.",SYR,"Rep. of Korea",KOR,876,244,0,,0,0
2016,"Syrian Arab Rep.",SYR,Kuwait,KWT,50,24,0,,0,0
2016,"Syrian Arab Rep.",SYR,Liberia,LBR,6,5,0,,0,0
2016,"Syrian Arab Rep.",SYR,Libya,LBY,142,19366,0,,0,0
2016,"Syrian Arab Rep.",SYR,Lebanon,LBN,1005503,10,0,,0,2236
2016,"Syrian Arab Rep.",SYR,Liechtenstein,LIE,23,0,0,,0,0
2016,"Syrian Arab Rep.",SYR,"Sri Lanka",LKA,8,5,0,,0,0
2016,"Syrian Arab Rep.",SYR,Lithuania,LTU,161,28,0,,0,0
2016,"Syrian Arab Rep.",SYR,Luxembourg,LUX,686,334,0,,0,0
2016,"Syrian Arab Rep.",SYR,Latvia,LVA,143,78,0,,0,0
2016,"Syrian Arab Rep.",SYR,Mauritania,MRT,417,120,0,,0,0
2016,"Syrian Arab Rep.",SYR,"North Macedonia",MKD,13,5,0,,0,0
2016,"Syrian Arab Rep.",SYR,"Rep. of Moldova",MDA,218,10,0,,0,0
2016,"Syrian Arab Rep.",SYR,Mexico,MEX,23,0,0,,0,0
2016,"Syrian Arab Rep.",SYR,Mali,MLI,11,5,0,,0,0
2016,"Syrian Arab Rep.",SYR,Malaysia,MYS,458,986,0,,0,0
2016,"Syrian Arab Rep.",SYR,Morocco,MAR,3242,0,0,,0,0
2016,"Syrian Arab Rep.",SYR,Malta,MLT,1668,121,0,,0,0
2016,"Syrian Arab Rep.",SYR,Montenegro,MNE,10,0,0,,0,0
2016,"Syrian Arab Rep.",SYR,Mauritius,MUS,0,5,0,,0,0
2016,"Syrian Arab Rep.",SYR,Netherlands,NLD,28394,987,0,,0,0
2016,"Syrian Arab Rep.",SYR,Niger,NER,7,0,0,,0,0
2016,"Syrian Arab Rep.",SYR,Nigeria,NGA,88,47,0,,0,0
2016,"Syrian Arab Rep.",SYR,Norway,NOR,11537,1083,0,,0,0
2016,"Syrian Arab Rep.",SYR,Nauru,NRU,0,5,0,,0,0
2016,"Syrian Arab Rep.",SYR,"New Zealand",NZL,61,5,0,,0,0
2016,"Syrian Arab Rep.",SYR,Oman,OMN,7,5,0,,0,0
2016,"Syrian Arab Rep.",SYR,Pakistan,PAK,13,5,0,,0,0
2016,"Syrian Arab Rep.",SYR,Paraguay,PRY,51,21,0,,0,0
2016,"Syrian Arab Rep.",SYR,Peru,PER,32,5,0,,0,0
2016,"Syrian Arab Rep.",SYR,Philippines,PHL,51,40,0,,0,0
2016,"Syrian Arab Rep.",SYR,Poland,POL,483,18,0,,0,0
2016,"Syrian Arab Rep.",SYR,Portugal,PRT,82,300,0,,0,0
2016,"Syrian Arab Rep.",SYR,Qatar,QAT,32,5,0,,0,0
2016,"Syrian Arab Rep.",SYR,Romania,ROU,1775,21,0,,0,0
2016,"Syrian Arab Rep.",SYR,"South Africa",ZAF,44,49,0,,0,0
2016,"Syrian Arab Rep.",SYR,"Russian Federation",RUS,1319,383,0,,0,0
2016,"Syrian Arab Rep.",SYR,"El Salvador",SLV,5,0,0,,0,0
2016,"Syrian Arab Rep.",SYR,"Saudi Arabia",SAU,19,10,0,,0,0
2016,"Syrian Arab Rep.",SYR,"Serbia and Kosovo: S/RES/1244 (1999)",SRB,747,0,0,,0,0
2016,"Syrian Arab Rep.",SYR,Senegal,SEN,0,21,0,,0,0
2016,"Syrian Arab Rep.",SYR,Somalia,SOM,145,0,0,,0,0
2016,"Syrian Arab Rep.",SYR,Spain,ESP,8205,1600,0,,0,0
2016,"Syrian Arab Rep.",SYR,Sudan,SDN,6997,501,0,,0,0
2016,"Syrian Arab Rep.",SYR,"South Sudan",SSD,5,0,0,,0,0
2016,"Syrian Arab Rep.",SYR,Slovakia,SVK,54,0,0,,0,0
2016,"Syrian Arab Rep.",SYR,Slovenia,SVN,118,41,0,,0,0
2016,"Syrian Arab Rep.",SYR,Sweden,SWE,96914,7085,0,,0,0
2016,"Syrian Arab Rep.",SYR,Switzerland,CHE,11159,3858,0,,0,0
2016,"Syrian Arab Rep.",SYR,"Syrian Arab Rep.",SYR,0,0,6325978,,0,0
2016,"Syrian Arab Rep.",SYR,Thailand,THA,268,42,0,,0,0
2016,"Syrian Arab Rep.",SYR,Togo,TGO,5,10,0,,0,0
2016,"Syrian Arab Rep.",SYR,"Trinidad and Tobago",TTO,31,35,0,,0,0
2016,"Syrian Arab Rep.",SYR,Tunisia,TUN,504,0,0,,0,0
2016,"Syrian Arab Rep.",SYR,Turkey,TUR,2823987,180,0,,0,0
2016,"Syrian Arab Rep.",SYR,"United Arab Emirates",ARE,119,165,0,,0,0
2016,"Syrian Arab Rep.",SYR,Uganda,UGA,7,12,0,,0,0
2016,"Syrian Arab Rep.",SYR,Ukraine,UKR,446,560,0,,0,0
2016,"Syrian Arab Rep.",SYR,Uruguay,URY,60,5,0,,0,0
2016,"Syrian Arab Rep.",SYR,"United States of America",USA,6444,3364,0,,0,0
2016,"Syrian Arab Rep.",SYR,"Venezuela (Bolivarian Republic of)",VEN,5,18,0,,0,0
2016,"Syrian Arab Rep.",SYR,Yemen,YEM,3249,502,0,,0,0
2016,"Syrian Arab Rep.",SYR,Zambia,ZMB,5,5,0,,0,0
2017,"Syrian Arab Rep.",SYR,Albania,ALB,5,22,0,,0,0
2017,"Syrian Arab Rep.",SYR,Algeria,DZA,8,5821,0,,0,0
2017,"Syrian Arab Rep.",SYR,Egypt,EGY,126688,0,0,,0,0
2017,"Syrian Arab Rep.",SYR,Argentina,ARG,370,84,0,,0,348
2017,"Syrian Arab Rep.",SYR,Armenia,ARM,14680,12,0,,0,0
2017,"Syrian Arab Rep.",SYR,Australia,AUS,477,128,0,,0,0
2017,"Syrian Arab Rep.",SYR,Austria,AUT,43888,3937,0,,0,0
2017,"Syrian Arab Rep.",SYR,Azerbaijan,AZE,15,0,0,,0,0
2017,"Syrian Arab Rep.",SYR,Belgium,BEL,9080,1665,0,,0,0
2017,"Syrian Arab Rep.",SYR,Benin,BEN,7,5,0,,0,0
2017,"Syrian Arab Rep.",SYR,Belarus,BLR,87,0,0,,0,0
2017,"Syrian Arab Rep.",SYR,"Bolivia (Plurinational State of)",BOL,21,10,0,,0,0
2017,"Syrian Arab Rep.",SYR,Brazil,BRA,2905,4522,0,,0,0
2017,"Syrian Arab Rep.",SYR,"Bosnia and Herzegovina",BIH,15,13,0,,0,0
2017,"Syrian Arab Rep.",SYR,Bulgaria,BGR,16549,407,0,,0,0
2017,"Syrian Arab Rep.",SYR,Canada,CAN,3095,807,0,,0,0
2017,"Syrian Arab Rep.",SYR,Chad,TCD,39,29,0,,0,0
2017,"Syrian Arab Rep.",SYR,China,CHN,42,32,0,,0,0
2017,"Syrian Arab Rep.",SYR,Chile,CHL,85,42,0,,0,0
2017,"Syrian Arab Rep.",SYR,Cameroon,CMR,15,10,0,,0,0
2017,"Syrian Arab Rep.",SYR,Congo,COG,9,12,0,,0,0
2017,"Syrian Arab Rep.",SYR,"Dem. Rep. of the Congo",COD,8,20,0,,0,0
2017,"Syrian Arab Rep.",SYR,Colombia,COL,8,5,0,,0,0
2017,"Syrian Arab Rep.",SYR,"Costa Rica",CRI,9,10,0,,0,0
2017,"Syrian Arab Rep.",SYR,Cuba,CUB,43,0,0,,0,0
2017,"Syrian Arab Rep.",SYR,Cyprus,CYP,5274,1585,0,,0,6000
2017,"Syrian Arab Rep.",SYR,Czechia,CZE,365,38,0,,0,0
2017,"Syrian Arab Rep.",SYR,Denmark,DNK,19221,285,0,,0,0
2017,"Syrian Arab Rep.",SYR,Djibouti,DJI,9,0,0,,0,0
2017,"Syrian Arab Rep.",SYR,"Dominican Rep.",DOM,0,5,0,,0,0
2017,"Syrian Arab Rep.",SYR,Ecuador,ECU,39,115,0,,0,0
2017,"Syrian Arab Rep.",SYR,Estonia,EST,151,0,0,,0,0
2017,"Syrian Arab Rep.",SYR,Ethiopia,ETH,9,67,0,,0,0
2017,"Syrian Arab Rep.",SYR,Finland,FIN,2370,132,0,,0,0
2017,"Syrian Arab Rep.",SYR,France,FRA,12520,2394,0,,0,0
2017,"Syrian Arab Rep.",SYR,"United Kingdom of Great Britain and Northern Ireland",GBR,9100,574,0,,0,0
2017,"Syrian Arab Rep.",SYR,Georgia,GEO,445,10,0,,0,0
2017,"Syrian Arab Rep.",SYR,Germany,DEU,496674,70833,0,,0,0
2017,"Syrian Arab Rep.",SYR,Ghana,GHA,39,150,0,,0,0
2017,"Syrian Arab Rep.",SYR,Greece,GRC,13714,9605,0,,0,0
2017,"Syrian Arab Rep.",SYR,Croatia,HRV,194,79,0,,0,0
2017,"Syrian Arab Rep.",SYR,Hungary,HUN,925,108,0,,0,0
2017,"Syrian Arab Rep.",SYR,Iceland,ISL,58,5,0,,0,0
2017,"Syrian Arab Rep.",SYR,"Cote d'Ivoire",CIV,12,10,0,,0,0
2017,"Syrian Arab Rep.",SYR,India,IND,87,17,0,,0,0
2017,"Syrian Arab Rep.",SYR,Indonesia,IDN,35,27,0,,0,0
2017,"Syrian Arab Rep.",SYR,Ireland,IRL,718,138,0,,0,0
2017,"Syrian Arab Rep.",SYR,Iraq,IRQ,247057,0,0,,0,0
2017,"Syrian Arab Rep.",SYR,Italy,ITA,3618,1696,0,,0,0
2017,"Syrian Arab Rep.",SYR,Jamaica,JAM,5,0,0,,0,0
2017,"Syrian Arab Rep.",SYR,Jordan,JOR,653031,0,0,,0,0
2017,"Syrian Arab Rep.",SYR,Japan,JPN,66,0,0,,0,0
2017,"Syrian Arab Rep.",SYR,Kazakhstan,KAZ,17,23,0,,0,0
2017,"Syrian Arab Rep.",SYR,Kenya,KEN,0,5,0,,0,0
2017,"Syrian Arab Rep.",SYR,Kyrgyzstan,KGZ,69,12,0,,0,0
2017,"Syrian Arab Rep.",SYR,"Rep. of Korea",KOR,1122,68,0,,0,0
2017,"Syrian Arab Rep.",SYR,Kuwait,KWT,44,31,0,,0,0
2017,"Syrian Arab Rep.",SYR,Liberia,LBR,7,5,0,,0,0
2017,"Syrian Arab Rep.",SYR,Libya,LBY,257,21890,0,,0,0
2017,"Syrian Arab Rep.",SYR,Lebanon,LBN,992127,10,0,,0,2248
2017,"Syrian Arab Rep.",SYR,Liechtenstein,LIE,32,0,0,,0,0
2017,"Syrian Arab Rep.",SYR,"Sri Lanka",LKA,14,0,0,,0,0
2017,"Syrian Arab Rep.",SYR,Lithuania,LTU,362,52,0,,0,0
2017,"Syrian Arab Rep.",SYR,Luxembourg,LUX,686,225,0,,0,0
2017,"Syrian Arab Rep.",SYR,Latvia,LVA,393,0,0,,0,0
2017,"Syrian Arab Rep.",SYR,Mauritania,MRT,464,112,0,,0,0
2017,"Syrian Arab Rep.",SYR,"North Macedonia",MKD,15,5,0,,0,0
2017,"Syrian Arab Rep.",SYR,"Rep. of Moldova",MDA,204,18,0,,0,0
2017,"Syrian Arab Rep.",SYR,Mexico,MEX,23,0,0,,0,0
2017,"Syrian Arab Rep.",SYR,Mali,MLI,9,0,0,,0,0
2017,"Syrian Arab Rep.",SYR,Malaysia,MYS,372,1937,0,,0,0
2017,"Syrian Arab Rep.",SYR,Morocco,MAR,2953,0,0,,0,0
2017,"Syrian Arab Rep.",SYR,Malta,MLT,1289,252,0,,0,0
2017,"Syrian Arab Rep.",SYR,Montenegro,MNE,0,47,0,,0,0
2017,"Syrian Arab Rep.",SYR,Mauritius,MUS,5,0,0,,0,0
2017,"Syrian Arab Rep.",SYR,Netherlands,NLD,30851,668,0,,0,0
2017,"Syrian Arab Rep.",SYR,Niger,NER,7,0,0,,0,0
2017,"Syrian Arab Rep.",SYR,Nigeria,NGA,154,60,0,,0,0
2017,"Syrian Arab Rep.",SYR,Norway,NOR,13349,448,0,,0,0
2017,"Syrian Arab Rep.",SYR,"New Zealand",NZL,65,5,0,,0,0
2017,"Syrian Arab Rep.",SYR,Oman,OMN,7,5,0,,0,0
2017,"Syrian Arab Rep.",SYR,Pakistan,PAK,29,0,0,,0,0
2017,"Syrian Arab Rep.",SYR,Panama,PAN,0,11,0,,0,0
2017,"Syrian Arab Rep.",SYR,Paraguay,PRY,53,26,0,,0,0
2017,"Syrian Arab Rep.",SYR,Peru,PER,38,5,0,,0,0
2017,"Syrian Arab Rep.",SYR,Philippines,PHL,74,40,0,,0,0
2017,"Syrian Arab Rep.",SYR,Poland,POL,512,18,0,,0,0
2017,"Syrian Arab Rep.",SYR,Portugal,PRT,307,0,0,,0,0
2017,"Syrian Arab Rep.",SYR,Qatar,QAT,34,0,0,,0,0
2017,"Syrian Arab Rep.",SYR,Romania,ROU,2282,167,0,,0,0
2017,"Syrian Arab Rep.",SYR,"South Africa",ZAF,45,0,0,,0,0
2017,"Syrian Arab Rep.",SYR,"Russian Federation",RUS,1130,303,0,,0,0
2017,"Syrian Arab Rep.",SYR,"El Salvador",SLV,5,0,0,,0,0
2017,"Syrian Arab Rep.",SYR,"Saudi Arabia",SAU,14,34,0,,0,0
2017,"Syrian Arab Rep.",SYR,"Serbia and Kosovo: S/RES/1244 (1999)",SRB,73,0,0,,0,0
2017,"Syrian Arab Rep.",SYR,Senegal,SEN,0,21,0,,0,0
2017,"Syrian Arab Rep.",SYR,Somalia,SOM,172,5,0,,0,0
2017,"Syrian Arab Rep.",SYR,Spain,ESP,11752,2255,0,,0,0
2017,"Syrian Arab Rep.",SYR,Sudan,SDN,11240,439,0,,0,0
2017,"Syrian Arab Rep.",SYR,Slovakia,SVK,17,0,0,,0,0
2017,"Syrian Arab Rep.",SYR,Slovenia,SVN,215,10,0,,0,0
2017,"Syrian Arab Rep.",SYR,Sweden,SWE,103614,3531,0,,0,0
2017,"Syrian Arab Rep.",SYR,Switzerland,CHE,13639,3192,0,,0,0
2017,"Syrian Arab Rep.",SYR,"Syrian Arab Rep.",SYR,0,0,6150005,,0,0
2017,"Syrian Arab Rep.",SYR,Thailand,THA,327,10,0,,0,0
2017,"Syrian Arab Rep.",SYR,Togo,TGO,0,10,0,,0,0
2017,"Syrian Arab Rep.",SYR,"Trinidad and Tobago",TTO,53,32,0,,0,0
2017,"Syrian Arab Rep.",SYR,Tunisia,TUN,603,0,0,,0,0
2017,"Syrian Arab Rep.",SYR,Turkey,TUR,3424237,162,0,,0,0
2017,"Syrian Arab Rep.",SYR,"United Arab Emirates",ARE,128,1185,0,,0,0
2017,"Syrian Arab Rep.",SYR,Uganda,UGA,7,12,0,,0,0
2017,"Syrian Arab Rep.",SYR,Ukraine,UKR,483,520,0,,0,0
2017,"Syrian Arab Rep.",SYR,Uruguay,URY,61,0,0,,0,0
2017,"Syrian Arab Rep.",SYR,"United States of America",USA,7282,3358,0,,0,0
2017,"Syrian Arab Rep.",SYR,"Venezuela (Bolivarian Republic of)",VEN,5,0,0,,0,0
2017,"Syrian Arab Rep.",SYR,Yemen,YEM,3286,496,0,,0,0
2018,"Syrian Arab Rep.",SYR,Albania,ALB,6,44,0,,0,0
2018,"Syrian Arab Rep.",SYR,Algeria,DZA,14,7485,0,,0,0
2018,"Syrian Arab Rep.",SYR,Egypt,EGY,132871,0,0,,0,0
2018,"Syrian Arab Rep.",SYR,Argentina,ARG,385,95,0,,0,410
2018,"Syrian Arab Rep.",SYR,Armenia,ARM,14701,10,0,,0,0
2018,"Syrian Arab Rep.",SYR,Australia,AUS,582,100,0,,0,0
2018,"Syrian Arab Rep.",SYR,Austria,AUT,49179,1538,0,,0,0
2018,"Syrian Arab Rep.",SYR,Azerbaijan,AZE,15,5,0,,0,0
2018,"Syrian Arab Rep.",SYR,Belgium,BEL,9080,2005,0,,0,0
2018,"Syrian Arab Rep.",SYR,Benin,BEN,12,0,0,,0,0
2018,"Syrian Arab Rep.",SYR,Belarus,BLR,66,5,0,,0,0
2018,"Syrian Arab Rep.",SYR,"Bolivia (Plurinational State of)",BOL,21,10,0,,0,0
2018,"Syrian Arab Rep.",SYR,Brazil,BRA,3455,4270,0,,0,0
2018,"Syrian Arab Rep.",SYR,"Bosnia and Herzegovina",BIH,15,67,0,,0,0
2018,"Syrian Arab Rep.",SYR,Bulgaria,BGR,17161,215,0,,0,0
2018,"Syrian Arab Rep.",SYR,Canada,CAN,3558,803,0,,0,0
2018,"Syrian Arab Rep.",SYR,Chad,TCD,57,14,0,,0,0
2018,"Syrian Arab Rep.",SYR,China,CHN,53,19,0,,0,0
2018,"Syrian Arab Rep.",SYR,Chile,CHL,107,36,0,,0,0
2018,"Syrian Arab Rep.",SYR,Cameroon,CMR,22,5,0,,0,0
2018,"Syrian Arab Rep.",SYR,Congo,COG,12,19,0,,0,0
2018,"Syrian Arab Rep.",SYR,"Dem. Rep. of the Congo",COD,5,20,0,,0,0
2018,"Syrian Arab Rep.",SYR,Colombia,COL,8,10,0,,0,0
2018,"Syrian Arab Rep.",SYR,"Costa Rica",CRI,9,12,0,,0,0
2018,"Syrian Arab Rep.",SYR,Cuba,CUB,44,5,0,,0,0
2018,"Syrian Arab Rep.",SYR,Cyprus,CYP,6259,2553,0,,0,6000
2018,"Syrian Arab Rep.",SYR,Czechia,CZE,448,10,0,,0,0
2018,"Syrian Arab Rep.",SYR,Denmark,DNK,19698,290,0,,0,0
2018,"Syrian Arab Rep.",SYR,Djibouti,DJI,10,0,0,,0,0
2018,"Syrian Arab Rep.",SYR,Ecuador,ECU,102,90,0,,0,0
2018,"Syrian Arab Rep.",SYR,Estonia,EST,146,0,0,,0,0
2018,"Syrian Arab Rep.",SYR,Ethiopia,ETH,9,70,0,,0,0
2018,"Syrian Arab Rep.",SYR,Finland,FIN,2497,73,0,,0,0
2018,"Syrian Arab Rep.",SYR,France,FRA,15822,3352,0,,0,0
2018,"Syrian Arab Rep.",SYR,"United Kingdom of Great Britain and Northern Ireland",GBR,9720,685,0,,0,0
2018,"Syrian Arab Rep.",SYR,Georgia,GEO,428,24,0,,0,0
2018,"Syrian Arab Rep.",SYR,Germany,DEU,532065,52396,0,,0,0
2018,"Syrian Arab Rep.",SYR,Ghana,GHA,157,85,0,,0,0
2018,"Syrian Arab Rep.",SYR,Greece,GRC,23931,14104,0,,0,0
2018,"Syrian Arab Rep.",SYR,Guinea,GIN,5,5,0,,0,0
2018,"Syrian Arab Rep.",SYR,Croatia,HRV,398,29,0,,0,0
2018,"Syrian Arab Rep.",SYR,Hungary,HUN,971,5,0,,0,0
2018,"Syrian Arab Rep.",SYR,Iceland,ISL,87,29,0,,0,0
2018,"Syrian Arab Rep.",SYR,"Cote d'Ivoire",CIV,92,10,0,,0,0
2018,"Syrian Arab Rep.",SYR,India,IND,83,17,0,,0,0
2018,"Syrian Arab Rep.",SYR,Indonesia,IDN,29,18,0,,0,0
2018,"Syrian Arab Rep.",SYR,Ireland,IRL,2126,66,0,,0,0
2018,"Syrian Arab Rep.",SYR,Iraq,IRQ,252526,0,0,,0,0
2018,"Syrian Arab Rep.",SYR,Italy,ITA,4652,1197,0,,0,0
2018,"Syrian Arab Rep.",SYR,Jamaica,JAM,5,0,0,,0,0
2018,"Syrian Arab Rep.",SYR,Jordan,JOR,676283,0,0,,0,0
2018,"Syrian Arab Rep.",SYR,Japan,JPN,69,0,0,,0,0
2018,"Syrian Arab Rep.",SYR,Kazakhstan,KAZ,15,15,0,,0,0
2018,"Syrian Arab Rep.",SYR,Kenya,KEN,0,11,0,,0,0
2018,"Syrian Arab Rep.",SYR,Kyrgyzstan,KGZ,77,14,0,,0,0
2018,"Syrian Arab Rep.",SYR,"Rep. of Korea",KOR,1177,59,0,,0,0
2018,"Syrian Arab Rep.",SYR,Kuwait,KWT,73,50,0,,0,0
2018,"Syrian Arab Rep.",SYR,Liberia,LBR,10,5,0,,0,0
2018,"Syrian Arab Rep.",SYR,Libya,LBY,552,23173,0,,0,0
2018,"Syrian Arab Rep.",SYR,Lebanon,LBN,944181,5,0,,0,2033
2018,"Syrian Arab Rep.",SYR,Liechtenstein,LIE,32,0,0,,0,0
2018,"Syrian Arab Rep.",SYR,"Sri Lanka",LKA,14,0,0,,0,0
2018,"Syrian Arab Rep.",SYR,Lithuania,LTU,435,10,0,,0,0
2018,"Syrian Arab Rep.",SYR,Luxembourg,LUX,686,160,0,,0,0
2018,"Syrian Arab Rep.",SYR,Latvia,LVA,384,0,0,,0,0
2018,"Syrian Arab Rep.",SYR,Mauritania,MRT,332,47,0,,0,0
2018,"Syrian Arab Rep.",SYR,"North Macedonia",MKD,17,0,0,,0,0
2018,"Syrian Arab Rep.",SYR,"Rep. of Moldova",MDA,213,5,0,,0,0
2018,"Syrian Arab Rep.",SYR,Mexico,MEX,28,5,0,,0,0
2018,"Syrian Arab Rep.",SYR,Mali,MLI,9,330,0,,0,0
2018,"Syrian Arab Rep.",SYR,Malaysia,MYS,421,2406,0,,0,0
2018,"Syrian Arab Rep.",SYR,Morocco,MAR,3506,0,0,,0,0
2018,"Syrian Arab Rep.",SYR,Malta,MLT,1497,370,0,,0,0
2018,"Syrian Arab Rep.",SYR,Montenegro,MNE,5,47,0,,0,0
2018,"Syrian Arab Rep.",SYR,Mauritius,MUS,5,0,0,,0,0
2018,"Syrian Arab Rep.",SYR,Netherlands,NLD,32092,1687,0,,0,0
2018,"Syrian Arab Rep.",SYR,Niger,NER,11,5,0,,0,0
2018,"Syrian Arab Rep.",SYR,Nigeria,NGA,224,75,0,,0,0
2018,"Syrian Arab Rep.",SYR,Norway,NOR,13914,233,0,,0,0
2018,"Syrian Arab Rep.",SYR,Nauru,NRU,0,5,0,,0,0
2018,"Syrian Arab Rep.",SYR,"New Zealand",NZL,68,0,0,,0,0
2018,"Syrian Arab Rep.",SYR,Oman,OMN,7,0,0,,0,0
2018,"Syrian Arab Rep.",SYR,Pakistan,PAK,29,5,0,,0,0
2018,"Syrian Arab Rep.",SYR,Panama,PAN,0,12,0,,0,0
2018,"Syrian Arab Rep.",SYR,Paraguay,PRY,63,22,0,,0,0
2018,"Syrian Arab Rep.",SYR,Peru,PER,44,5,0,,0,0
2018,"Syrian Arab Rep.",SYR,Philippines,PHL,105,33,0,,0,0
2018,"Syrian Arab Rep.",SYR,Poland,POL,531,20,0,,0,0
2018,"Syrian Arab Rep.",SYR,Portugal,PRT,602,0,0,,0,0
2018,"Syrian Arab Rep.",SYR,Qatar,QAT,34,0,0,,0,0
2018,"Syrian Arab Rep.",SYR,Romania,ROU,2292,150,0,,0,0
2018,"Syrian Arab Rep.",SYR,"South Africa",ZAF,45,5,0,,0,0
2018,"Syrian Arab Rep.",SYR,"Russian Federation",RUS,828,174,0,,0,0
2018,"Syrian Arab Rep.",SYR,"El Salvador",SLV,5,0,0,,0,0
2018,"Syrian Arab Rep.",SYR,"Saudi Arabia",SAU,103,2063,0,,0,0
2018,"Syrian Arab Rep.",SYR,"Serbia and Kosovo: S/RES/1244 (1999)",SRB,74,5,0,,0,0
2018,"Syrian Arab Rep.",SYR,Senegal,SEN,0,14,0,,0,0
2018,"Syrian Arab Rep.",SYR,Somalia,SOM,206,14,0,,0,0
2018,"Syrian Arab Rep.",SYR,Spain,ESP,13765,2320,0,,0,0
2018,"Syrian Arab Rep.",SYR,Sudan,SDN,93502,0,0,,0,0
2018,"Syrian Arab Rep.",SYR,Slovakia,SVK,14,0,0,,0,0
2018,"Syrian Arab Rep.",SYR,Slovenia,SVN,290,23,0,,0,0
2018,"Syrian Arab Rep.",SYR,Sweden,SWE,109343,2353,0,,0,0
2018,"Syrian Arab Rep.",SYR,Switzerland,CHE,16565,1789,0,,0,0
2018,"Syrian Arab Rep.",SYR,"Syrian Arab Rep.",SYR,0,0,6183920,,0,0
2018,"Syrian Arab Rep.",SYR,Thailand,THA,276,5,0,,0,0
2018,"Syrian Arab Rep.",SYR,Togo,TGO,0,10,0,,0,0
2018,"Syrian Arab Rep.",SYR,"Trinidad and Tobago",TTO,57,37,0,,0,0
2018,"Syrian Arab Rep.",SYR,Tunisia,TUN,927,0,0,,0,0
2018,"Syrian Arab Rep.",SYR,Turkey,TUR,3622366,111,0,,0,0
2018,"Syrian Arab Rep.",SYR,"United Arab Emirates",ARE,287,5820,0,,0,10
2018,"Syrian Arab Rep.",SYR,Uganda,UGA,5,5,0,,0,0
2018,"Syrian Arab Rep.",SYR,Ukraine,UKR,457,489,0,,0,0
2018,"Syrian Arab Rep.",SYR,Uruguay,URY,61,0,0,,0,0
2018,"Syrian Arab Rep.",SYR,"United States of America",USA,7998,3057,0,,0,0
2018,"Syrian Arab Rep.",SYR,"Venezuela (Bolivarian Republic of)",VEN,5,0,0,,0,0
2018,"Syrian Arab Rep.",SYR,Yemen,YEM,3446,406,0,,0,0
2018,"Syrian Arab Rep.",SYR,Zambia,ZMB,8,10,0,,0,0
2019,"Syrian Arab Rep.",SYR,Albania,ALB,13,0,0,,0,29
2019,"Syrian Arab Rep.",SYR,Algeria,DZA,7757,0,0,,0,0
2019,"Syrian Arab Rep.",SYR,Egypt,EGY,129210,0,0,,0,0
2019,"Syrian Arab Rep.",SYR,Argentina,ARG,401,73,0,,0,443
2019,"Syrian Arab Rep.",SYR,Armenia,ARM,14730,16,0,,0,0
2019,"Syrian Arab Rep.",SYR,Australia,AUS,2239,81,0,,0,0
2019,"Syrian Arab Rep.",SYR,Austria,AUT,51955,1304,0,,0,0
2019,"Syrian Arab Rep.",SYR,Azerbaijan,AZE,20,0,0,,0,0
2019,"Syrian Arab Rep.",SYR,Belgium,BEL,16604,1019,0,,0,0
2019,"Syrian Arab Rep.",SYR,Benin,BEN,12,13,0,,0,0
2019,"Syrian Arab Rep.",SYR,"Burkina Faso",BFA,5,0,0,,0,0
2019,"Syrian Arab Rep.",SYR,Belarus,BLR,68,0,0,,0,0
2019,"Syrian Arab Rep.",SYR,"Bolivia (Plurinational State of)",BOL,21,0,0,,0,0
2019,"Syrian Arab Rep.",SYR,Brazil,BRA,3761,4242,0,,0,0
2019,"Syrian Arab Rep.",SYR,"Bosnia and Herzegovina",BIH,21,46,0,,0,148
2019,"Syrian Arab Rep.",SYR,Bulgaria,BGR,17551,297,0,,0,0
2019,"Syrian Arab Rep.",SYR,Canada,CAN,5,303,0,,0,0
2019,"Syrian Arab Rep.",SYR,Chad,TCD,35,10,0,,0,0
2019,"Syrian Arab Rep.",SYR,China,CHN,50,13,0,,0,0
2019,"Syrian Arab Rep.",SYR,Chile,CHL,112,33,0,,0,0
2019,"Syrian Arab Rep.",SYR,Cameroon,CMR,24,5,0,,0,0
2019,"Syrian Arab Rep.",SYR,Congo,COG,0,13,0,,0,0
2019,"Syrian Arab Rep.",SYR,"Dem. Rep. of the Congo",COD,5,26,0,,0,0
2019,"Syrian Arab Rep.",SYR,Colombia,COL,8,10,0,,0,0
2019,"Syrian Arab Rep.",SYR,"Costa Rica",CRI,5,24,0,,0,0
2019,"Syrian Arab Rep.",SYR,Cuba,CUB,40,0,0,,0,0
2019,"Syrian Arab Rep.",SYR,Cyprus,CYP,7372,4073,0,,0,4000
2019,"Syrian Arab Rep.",SYR,Czechia,CZE,408,18,0,,0,0
2019,"Syrian Arab Rep.",SYR,Denmark,DNK,20046,210,0,,0,0
2019,"Syrian Arab Rep.",SYR,Djibouti,DJI,10,0,0,,0,0
2019,"Syrian Arab Rep.",SYR,Ecuador,ECU,146,38,0,,0,0
2019,"Syrian Arab Rep.",SYR,Estonia,EST,127,0,0,,0,0
2019,"Syrian Arab Rep.",SYR,Ethiopia,ETH,0,410,0,,0,0
2019,"Syrian Arab Rep.",SYR,Finland,FIN,2585,77,0,,0,0
2019,"Syrian Arab Rep.",SYR,France,FRA,18244,3244,0,,0,0
2019,"Syrian Arab Rep.",SYR,"United Kingdom of Great Britain and Northern Ireland",GBR,10389,1228,0,,0,0
2019,"Syrian Arab Rep.",SYR,Georgia,GEO,91,26,0,,0,341
2019,"Syrian Arab Rep.",SYR,Germany,DEU,572818,41280,0,,0,0
2019,"Syrian Arab Rep.",SYR,Ghana,GHA,167,113,0,,0,0
2019,"Syrian Arab Rep.",SYR,Greece,GRC,26696,16165,0,,0,0
2019,"Syrian Arab Rep.",SYR,Guinea,GIN,14,0,0,,0,0
2019,"Syrian Arab Rep.",SYR,Croatia,HRV,527,10,0,,0,18
2019,"Syrian Arab Rep.",SYR,Hungary,HUN,934,5,0,,0,0
2019,"Syrian Arab Rep.",SYR,Iceland,ISL,109,21,0,,0,0
2019,"Syrian Arab Rep.",SYR,"Cote d'Ivoire",CIV,132,11,0,,0,0
2019,"Syrian Arab Rep.",SYR,India,IND,70,29,0,,0,0
2019,"Syrian Arab Rep.",SYR,Indonesia,IDN,23,19,0,,0,0
2019,"Syrian Arab Rep.",SYR,Ireland,IRL,2882,54,0,,0,0
2019,"Syrian Arab Rep.",SYR,Iraq,IRQ,245810,0,0,,0,0
2019,"Syrian Arab Rep.",SYR,Italy,ITA,4781,917,0,,0,0
2019,"Syrian Arab Rep.",SYR,Jordan,JOR,654692,0,0,,0,0
2019,"Syrian Arab Rep.",SYR,Japan,JPN,69,0,0,,0,0
2019,"Syrian Arab Rep.",SYR,Kazakhstan,KAZ,14,19,0,,0,0
2019,"Syrian Arab Rep.",SYR,Kenya,KEN,5,5,0,,0,0
2019,"Syrian Arab Rep.",SYR,Kyrgyzstan,KGZ,86,5,0,,0,0
2019,"Syrian Arab Rep.",SYR,"Rep. of Korea",KOR,1199,60,0,,0,0
2019,"Syrian Arab Rep.",SYR,Kuwait,KWT,106,100,0,,0,0
2019,"Syrian Arab Rep.",SYR,Liberia,LBR,11,0,0,,0,0
2019,"Syrian Arab Rep.",SYR,Libya,LBY,612,16738,0,,0,0
2019,"Syrian Arab Rep.",SYR,Lebanon,LBN,910586,0,0,,0,1932
2019,"Syrian Arab Rep.",SYR,Liechtenstein,LIE,32,0,0,,0,0
2019,"Syrian Arab Rep.",SYR,"Sri Lanka",LKA,5,0,0,,0,0
2019,"Syrian Arab Rep.",SYR,Lithuania,LTU,453,5,0,,0,0
2019,"Syrian Arab Rep.",SYR,Luxembourg,LUX,951,200,0,,0,0
2019,"Syrian Arab Rep.",SYR,Latvia,LVA,354,0,0,,0,0
2019,"Syrian Arab Rep.",SYR,Madagascar,MDG,5,0,0,,0,0
2019,"Syrian Arab Rep.",SYR,Mauritania,MRT,355,36,0,,0,0
2019,"Syrian Arab Rep.",SYR,"North Macedonia",MKD,17,14,0,,0,0
2019,"Syrian Arab Rep.",SYR,"Rep. of Moldova",MDA,210,5,0,,0,0
2019,"Syrian Arab Rep.",SYR,Mexico,MEX,29,10,0,,0,0
2019,"Syrian Arab Rep.",SYR,Mali,MLI,20,413,0,,0,0
2019,"Syrian Arab Rep.",SYR,Malaysia,MYS,425,2861,0,,0,0
2019,"Syrian Arab Rep.",SYR,Morocco,MAR,3676,0,0,,0,0
2019,"Syrian Arab Rep.",SYR,Malta,MLT,1706,482,0,,0,0
2019,"Syrian Arab Rep.",SYR,Montenegro,MNE,0,14,0,,0,0
2019,"Syrian Arab Rep.",SYR,Netherlands,NLD,31694,3092,0,,0,0
2019,"Syrian Arab Rep.",SYR,Niger,NER,7,0,0,,0,0
2019,"Syrian Arab Rep.",SYR,Nigeria,NGA,263,132,0,,0,0
2019,"Syrian Arab Rep.",SYR,Norway,NOR,14359,252,0,,0,0
2019,"Syrian Arab Rep.",SYR,Nauru,NRU,0,5,0,,0,0
2019,"Syrian Arab Rep.",SYR,"New Zealand",NZL,172,5,0,,0,0
2019,"Syrian Arab Rep.",SYR,Oman,OMN,8,0,0,,0,0
2019,"Syrian Arab Rep.",SYR,Pakistan,PAK,43,0,0,,0,0
2019,"Syrian Arab Rep.",SYR,Panama,PAN,0,12,0,,0,0
2019,"Syrian Arab Rep.",SYR,Paraguay,PRY,88,11,0,,0,0
2019,"Syrian Arab Rep.",SYR,Peru,PER,42,12,0,,0,0
2019,"Syrian Arab Rep.",SYR,Philippines,PHL,115,41,0,,0,0
2019,"Syrian Arab Rep.",SYR,Poland,POL,542,23,0,,0,0
2019,"Syrian Arab Rep.",SYR,Portugal,PRT,768,5,0,,0,0
2019,"Syrian Arab Rep.",SYR,Qatar,QAT,34,0,0,,0,0
2019,"Syrian Arab Rep.",SYR,Romania,ROU,2090,146,0,,0,0
2019,"Syrian Arab Rep.",SYR,"South Africa",ZAF,45,0,0,,0,0
2019,"Syrian Arab Rep.",SYR,"Russian Federation",RUS,593,110,0,,0,0
2019,"Syrian Arab Rep.",SYR,"El Salvador",SLV,5,0,0,,0,0
2019,"Syrian Arab Rep.",SYR,"Saudi Arabia",SAU,152,2220,0,,0,0
2019,"Syrian Arab Rep.",SYR,"Serbia and Kosovo: S/RES/1244 (1999)",SRB,25,24,0,,0,678
2019,"Syrian Arab Rep.",SYR,Senegal,SEN,0,14,0,,0,0
2019,"Syrian Arab Rep.",SYR,Somalia,SOM,245,21,0,,0,0
2019,"Syrian Arab Rep.",SYR,Spain,ESP,14133,2805,0,,0,0
2019,"Syrian Arab Rep.",SYR,Sudan,SDN,93495,0,0,,0,0
2019,"Syrian Arab Rep.",SYR,Slovakia,SVK,14,5,0,,0,0
2019,"Syrian Arab Rep.",SYR,Slovenia,SVN,307,15,0,,0,0
2019,"Syrian Arab Rep.",SYR,Sweden,SWE,113418,2226,0,,0,0
2019,"Syrian Arab Rep.",SYR,Switzerland,CHE,18755,918,0,,0,0
2019,"Syrian Arab Rep.",SYR,"Syrian Arab Rep.",SYR,0,0,6146994,,0,0
2019,"Syrian Arab Rep.",SYR,"United Rep. of Tanzania",TZA,5,16,0,,0,12
2019,"Syrian Arab Rep.",SYR,Thailand,THA,217,10,0,,0,0
2019,"Syrian Arab Rep.",SYR,Togo,TGO,6,11,0,,0,0
2019,"Syrian Arab Rep.",SYR,"Trinidad and Tobago",TTO,58,38,0,,0,0
2019,"Syrian Arab Rep.",SYR,Tunisia,TUN,1382,0,0,,0,0
2019,"Syrian Arab Rep.",SYR,Turkey,TUR,3576370,0,0,,0,0
2019,"Syrian Arab Rep.",SYR,"United Arab Emirates",ARE,333,6575,0,,0,11
2019,"Syrian Arab Rep.",SYR,Uganda,UGA,6,10,0,,0,0
2019,"Syrian Arab Rep.",SYR,Ukraine,UKR,462,161,0,,0,0
2019,"Syrian Arab Rep.",SYR,Uruguay,URY,61,5,0,,0,0
2019,"Syrian Arab Rep.",SYR,"United States of America",USA,8449,2660,0,,0,0
2019,"Syrian Arab Rep.",SYR,"Venezuela (Bolivarian Republic of)",VEN,5,0,0,,0,0
2019,"Syrian Arab Rep.",SYR,Yemen,YEM,3551,407,0,,0,0
2019,"Syrian Arab Rep.",SYR,Zambia,ZMB,15,5,0,,0,0
